UvkkwR,Dennis Stevenson,161007,MNxO9zsnjf4z
pAsphc,Michael Robinson,163568,MNstxoKTiccP
kAKuxG,Amy Price,182305,MN7zoQZnlgqQ
q5E732,Timothy Salinas,280504,MN05YVfFy19D
09XB7W,Raymond Jacobson,167753,MN5nqldSqqNB
pcHo7n,Audrey Summers,256178,MNYrEGtAL8FL
irS09F,Casey Guerra,380830,MNMpr9h0UhSG
C12RH4,Carol Lee,356510,MNgwn2J1sCVX
sJpfQh,Isaiah Chan,153403,MN4iCv4s22tW
EPKBsi,Melissa Price,488318,MNxeQfloeK32
jek8Co,Dr. Debra Evans,332443,MNTQgkzsLYTl
XvovvI,Ruben Carroll,472129,MNpuQEsM1Dat
PcQuNw,Tyrone Soto,300926,MNvHHJ2ptQ79
161nHj,Christopher Rodriguez,222558,MNHxyzGzXurI
rt3c2m,Amy Webb,473629,MNVPtoXL1JqM
j8CNyl,Toni Copeland,337921,MNQlo5f7vg0U
csMJiB,Belinda Davis,243569,MNDvxpcRsvLz
b3mtFf,Kelly Williams,451159,MNmmksi37wfs
D7eO2t,Stephanie Gray,458359,MN1oGiNWTsjN
t8cvcb,Christopher Smith,472427,MNscMFOyXaf6
hFTqW9,Sabrina Phillips,301680,MNiLcd4PkGQv
lcAvdm,Carl Hodges,370443,MN9TjekzORf2
e8PcQT,Veronica Page MD,400902,MNptmjCpbtGd
xLGKw5,Stephanie King,453341,MN3RmJoJ752V
u972xD,Eric Guzman,242091,MNAicotghbOQ
